EventId,EventTemplate,Q8
E1,*** info [mice.c(<*>)]:,0
E2,<*> HIGHMEM available.,0
E3,<*> LOWMEM available.,0
E4,ACPI disabled because your bios is from <*> and too old,0
E5,ACPI: ACPI tables contain no PCI IRQ routing entries,0
E6,ACPI: Interpreter disabled.,0
E7,ACPI: Subsystem revision <*>,0
E8,ALERT exited abnormally with [1],0
E9,"ANONYMOUS FTP LOGIN FROM <*>,  (anonymous)",0
E10,apm: BIOS version <*>.<*> Flags <*> (Driver version <*>),0
E11,audit(<*>.<*>:<*>): initialized,0
E12,audit: initializing netlink socket (disabled),0
E13,Authentication failed from <*> (<*>): Permission denied in replay cache code,1
E14,Authentication failed from <*> (<*>): Software caused connection abort,1
E15,authentication failure; logname= uid=0 euid=0 tty=:0 ruser= rhost=,1
E16,authentication failure; logname= uid=0 euid=0 tty=NODEVssh ruser= rhost=<*>,1
E17,authentication failure; logname= uid=0 euid=0 tty=NODEVssh ruser= rhost=<*>  user=guest,1
E18,authentication failure; logname= uid=0 euid=0 tty=NODEVssh ruser= rhost=<*>  user=root,1
E19,authentication failure; logname= uid=0 euid=0 tty=NODEVssh ruser= rhost=<*>  user=test,1
E20,BIOS-e820: <*> - <*> (reserved),0
E21,BIOS-e820: <*> - <*> (usable),0
E22,BIOS-provided physical RAM map:,0
E23,Bringing up loopback interface:  succeeded,0
E24,Built <*> zonelists,0
E25,Calibrating delay loop... <*>.<*> BogoMIPS,0
E26,Capability LSM initialized,0
E27,check pass; user unknown,1
E28,Checking 'hlt' instruction... OK.,0
E29,connection from <*> (<*>) at <*>:<*>:<*>,0
E30,Console: colour VGA+ <*>,0
E31,Couldn't authenticate user,1
E32,"CPU <*> irqstacks, hard=<*> soft=<*>",0
E33,CPU: Intel Pentium III (Coppermine) stepping <*>,0
E34,"CPU: L1 I cache: <*>, L1 D cache: <*>",0
E35,CPU: L2 cache: <*>,0
E36,creating device node '/udev/<*>',0
E37,cupsd shutdown succeeded,0
E38,cupsd startup succeeded,0
E39,"Dentry cache hash table entries: <*> (order: <*>, <*> bytes)",0
E40,Detected <*>.<*> MHz processor.,0
E41,"DMA zone: <*> pages, LIFO batch:<*>",0
E42,DMI <*>.<*> present.,0
E43,"Dquot-cache hash table entries: <*> (order <*>, <*> bytes)",0
E44,Enabling fast FPU save and restore... done.,0
E45,Enabling unmasked SIMD FPU exception support... done.,0
E46,Failure registering capabilities with the kernel,0
E47,getpeername (ftpd): Transport endpoint is not connected,0
E48,HCI daemon ver <*>.<*> started,0
E49,hcid startup succeeded,0
E50,"HighMem zone: <*> pages, LIFO batch:<*>",0
E51,imps2: Auto-detected intellimouse PS/<*>,0
E52,Initializing CPU#<*>,0
E53,Initializing Cryptographic API,0
E54,Initializing random number generator:  succeeded,0
E55,"Inode-cache hash table entries: <*> (order: <*>, <*> bytes)",0
E56,Intel machine check architecture supported.,0
E57,Intel machine check reporting enabled on CPU#<*>.,0
E58,irqbalance startup succeeded,0
E59,isapnp: No Plug & Play device found,0
E60,isapnp: Scanning for PnP cards...,0
E61,Kerberos authentication failed,1
E62,Kernel command line: ro root=LABEL=/ rhgb quiet,0
E63,kernel.core_uses_pid = <*>,0
E64,"klogd <*>.<*>.<*>, log source = /proc/kmsg started.",0
E65,klogd startup succeeded,0
E66,Linux agpgart interface v<*>.<*> (c) Dave Jones,0
E67,Linux Plug and Play Support v<*>.<*> (c) Adam Belay,0
E68,Linux version <*>.<*>.<*><*>.<*> (bhcompile@bugs.build.redhat.com) (gcc version <*>.<*>.<*> (Red Hat Linux <*>.<*>.<*><*>)) #<*> <*>:<*>:<*> EDT <*>,0
E69,mapped 4G/4G trampoline to <*>.,0
E70,"Memory: <*> available (<*> kernel code, <*> reserved, <*> data, <*> init, <*> highmem)",0
E71,"Mount-cache hash table entries: <*> (order: <*>, <*> bytes)",0
E72,mtrr: v<*>.<*> (<*>),0
E73,NET: Registered protocol family <*>,0
E74,"Normal zone: <*> pages, LIFO batch:<*>",0
E75,notify question section contains no SOA,0
E76,On node <*> totalpages: <*>,0
E77,PCI: Invalid ACPI-PCI IRQ routing table,0
E78,"PCI: PCI BIOS revision <*>.<*> entry at <*>, last bus=<*>",0
E79,PCI: Probing PCI hardware,0
E80,PCI: Probing PCI hardware (bus <*>),0
E81,PCI: Using configuration type <*>,0
E82,PCI: Using IRQ router PIIX/ICH [<*>/<*>] at <*>,0
E83,pci_hotplug: PCI Hot Plug PCI Core version: <*>.<*>,0
E84,PID hash table entries: 512 (order <*>: <*> bytes),0
E85,portmap startup succeeded,0
E86,POSIX conformance testing by UNIFIX,0
E87,Real Time Clock Driver v<*>.<*>,0
E88,Received SNMP packet(s) from <*>,0
E89,removing device node '/udev/<*>',0
E90,restart.,0
E91,ROOT LOGIN ON tty2,0
E92,rpc.idmapd startup succeeded,0
E93,rpc.statd startup succeeded,0
E94,sdpd startup succeeded,0
E95,sdpd v<*>.<*> started,0
E96,Security Scaffold v<*>.<*>.<*> initialized,0
E97,SELinux:  Initializing.,0
E98,SELinux:  Registering netfilter hooks,0
E99,SELinux:  Starting in permissive mode,0
E100,selinux_register_security:  Registering secondary module capability,0
E101,session closed for user <*>,0
E102,session opened for user <*> by (uid=<*>),0
E103,session opened for user <*> by LOGIN(uid=<*>),0
E104,Setting network parameters:  succeeded,0
E105,Starting pcmcia:  succeeded,0
E106,syslogd startup succeeded,0
E107,"There is already a security framework initialized, register_security failed.",0
E108,"Total HugeTLB memory allocated, <*>",0
E109,Transparent bridge - <*>,0
E110,usbcore: registered new driver hub,0
E111,usbcore: registered new driver usbfs,0
E112,User unknown timed out after <*> seconds at <*>:<*>:<*> <*>,1
E113,Using tsc for high-res timesource,0
E114,Version <*>.<*>.<*> Starting,0
E115,VFS: Disk quotas dquot_<*>.<*>.<*>,0
E116,warning: can't get client address: Connection reset by peer,0
E117,You can enable it with acpi=force,0
E118,zapping low mappings.,0
